james.wilson,Password@123
emily.johnson,Password@123
michael.smith,Password@123
sarah.davis,Password@123
daniel.martinez,Password@123
jessica.brown,Password@123
christopher.lee,Password@123
ashley.wilson,Password@123
matthew.taylor,Password@123
amanda.anderson,Password@123
joshua.thomas,Password@123
megan.jackson,Password@123
ryan.white,Password@123
stephanie.harris,Password@123
brandon.martin,Password@123
nicole.thompson,Password@123
tyler.garcia,Password@123
kayla.rodriguez,Password@123
jason.martinez,Password@123
brittany.lewis,Password@123
andrew.robinson,Password@123
rachel.walker,Password@123
kevin.hall,Password@123
samantha.allen,Password@123
eric.young,Password@123
heather.hernandez,Password@123
adam.king,Password@123
jennifer.wright,Password@123
steven.scott,Password@123
laura.green,Password@123
james.wilson,Password@123
emily.johnson,Password@123
michael.smith,Password@123
sarah.davis,Password@123
daniel.martinez,Password@123
jessica.brown,Password@123
christopher.lee,Password@123
ashley.wilson,Password@123
matthew.taylor,Password@123
amanda.anderson,Password@123
joshua.thomas,Password@123
megan.jackson,Password@123
ryan.white,Password@123
stephanie.harris,Password@123
brandon.martin,Password@123
nicole.thompson,Password@123
tyler.garcia,Password@123
kayla.rodriguez,Password@123
jason.martinez,Password@123
brittany.lewis,Password@123
andrew.robinson,Password@123
rachel.walker,Password@123
kevin.hall,Password@123
samantha.allen,Password@123
eric.young,Password@123
heather.hernandez,Password@123
adam.king,Password@123
jennifer.wright,Password@123
steven.scott,Password@123
laura.green,Password@123
james.wilson,Password@123
emily.johnson,Password@123
michael.smith,Password@123
sarah.davis,Password@123
daniel.martinez,Password@123
jessica.brown,Password@123
christopher.lee,Password@123
ashley.wilson,Password@123
matthew.taylor,Password@123
amanda.anderson,Password@123
joshua.thomas,Password@123
megan.jackson,Password@123
ryan.white,Password@123
stephanie.harris,Password@123
brandon.martin,Password@123
nicole.thompson,Password@123
tyler.garcia,Password@123
kayla.rodriguez,Password@123
jason.martinez,Password@123
brittany.lewis,Password@123
andrew.robinson,Password@123
rachel.walker,Password@123
kevin.hall,Password@123
samantha.allen,Password@123
eric.young,Password@123
heather.hernandez,Password@123
adam.king,Password@123
jennifer.wright,Password@123
steven.scott,Password@123
laura.green,Password@123
james.wilson,Password@123
emily.johnson,Password@123
michael.smith,Password@123
sarah.davis,Password@123
daniel.martinez,Password@123
jessica.brown,Password@123
christopher.lee,Password@123
ashley.wilson,Password@123
matthew.taylor,Password@123
amanda.anderson,Password@123
joshua.thomas,Password@123
megan.jackson,Password@123
ryan.white,Password@123
stephanie.harris,Password@123
brandon.martin,Password@123
nicole.thompson,Password@123
tyler.garcia,Password@123
kayla.rodriguez,Password@123
jason.martinez,Password@123
brittany.lewis,Password@123
andrew.robinson,Password@123
rachel.walker,Password@123
kevin.hall,Password@123
samantha.allen,Password@123
eric.young,Password@123
heather.hernandez,Password@123
adam.king,Password@123
jennifer.wright,Password@123
steven.scott,Password@123
laura.green,Password@123
james.wilson,Password@123
emily.johnson,Password@123
michael.smith,Password@123
sarah.davis,Password@123
daniel.martinez,Password@123
jessica.brown,Password@123
christopher.lee,Password@123
ashley.wilson,Password@123
matthew.taylor,Password@123
amanda.anderson,Password@123
joshua.thomas,Password@123
megan.jackson,Password@123
ryan.white,Password@123
stephanie.harris,Password@123
brandon.martin,Password@123
nicole.thompson,Password@123
tyler.garcia,Password@123
kayla.rodriguez,Password@123
jason.martinez,Password@123
brittany.lewis,Password@123
andrew.robinson,Password@123
rachel.walker,Password@123
kevin.hall,Password@123
samantha.allen,Password@123
eric.young,Password@123
heather.hernandez,Password@123
adam.king,Password@123
jennifer.wright,Password@123
steven.scott,Password@123
laura.green,Password@123
james.wilson,Password@123
emily.johnson,Password@123
michael.smith,Password@123
sarah.davis,Password@123
daniel.martinez,Password@123
jessica.brown,Password@123
christopher.lee,Password@123
ashley.wilson,Password@123
matthew.taylor,Password@123
amanda.anderson,Password@123
joshua.thomas,Password@123
megan.jackson,Password@123
ryan.white,Password@123
stephanie.harris,Password@123
brandon.martin,Password@123
nicole.thompson,Password@123
tyler.garcia,Password@123
kayla.rodriguez,Password@123
jason.martinez,Password@123
brittany.lewis,Password@123
andrew.robinson,Password@123
rachel.walker,Password@123
kevin.hall,Password@123
samantha.allen,Password@123
eric.young,Password@123
heather.hernandez,Password@123
adam.king,Password@123
jennifer.wright,Password@123
steven.scott,Password@123
laura.green,Password@123
james.wilson,Password@123
emily.johnson,Password@123
michael.smith,Password@123
sarah.davis,Password@123
daniel.martinez,Password@123
jessica.brown,Password@123
christopher.lee,Password@123
ashley.wilson,Password@123
matthew.taylor,Password@123
amanda.anderson,Password@123
joshua.thomas,Password@123
megan.jackson,Password@123
ryan.white,Password@123
stephanie.harris,Password@123
brandon.martin,Password@123
nicole.thompson,Password@123
tyler.garcia,Password@123
kayla.rodriguez,Password@123
jason.martinez,Password@123
brittany.lewis,Password@123
andrew.robinson,Password@123
rachel.walker,Password@123
kevin.hall,Password@123
samantha.allen,Password@123
eric.young,Password@123
heather.hernandez,Password@123
adam.king,Password@123
jennifer.wright,Password@123
steven.scott,Password@123
laura.green,Password@123
james.wilson,Password@123
emily.johnson,Password@123
michael.smith,Password@123
sarah.davis,Password@123
daniel.martinez,Password@123
jessica.brown,Password@123
christopher.lee,Password@123
ashley.wilson,Password@123
matthew.taylor,Password@123
amanda.anderson,Password@123
joshua.thomas,Password@123
megan.jackson,Password@123
ryan.white,Password@123
stephanie.harris,Password@123
brandon.martin,Password@123
nicole.thompson,Password@123
tyler.garcia,Password@123
kayla.rodriguez,Password@123
jason.martinez,Password@123
brittany.lewis,Password@123
andrew.robinson,Password@123
rachel.walker,Password@123
kevin.hall,Password@123
samantha.allen,Password@123
eric.young,Password@123
heather.hernandez,Password@123
adam.king,Password@123
jennifer.wright,Password@123
steven.scott,Password@123
laura.green,Password@123
james.wilson,Password@123
emily.johnson,Password@123
michael.smith,Password@123
sarah.davis,Password@123
daniel.martinez,Password@123
jessica.brown,Password@123
christopher.lee,Password@123
ashley.wilson,Password@123
matthew.taylor,Password@123
amanda.anderson,Password@123
joshua.thomas,Password@123
megan.jackson,Password@123
ryan.white,Password@123
stephanie.harris,Password@123
brandon.martin,Password@123
nicole.thompson,Password@123
tyler.garcia,Password@123
kayla.rodriguez,Password@123
jason.martinez,Password@123
brittany.lewis,Password@123
andrew.robinson,Password@123
rachel.walker,Password@123
kevin.hall,Password@123
samantha.allen,Password@123
eric.young,Password@123
heather.hernandez,Password@123
adam.king,Password@123
jennifer.wright,Password@123
steven.scott,Password@123
laura.green,Password@123
james.wilson,Password@123
emily.johnson,Password@123
michael.smith,Password@123
sarah.davis,Password@123
daniel.martinez,Password@123
jessica.brown,Password@123
christopher.lee,Password@123
ashley.wilson,Password@123
matthew.taylor,Password@123
amanda.anderson,Password@123
joshua.thomas,Password@123
megan.jackson,Password@123
ryan.white,Password@123
stephanie.harris,Password@123
brandon.martin,Password@123
nicole.thompson,Password@123
tyler.garcia,Password@123
kayla.rodriguez,Password@123
jason.martinez,Password@123
brittany.lewis,Password@123
andrew.robinson,Password@123
rachel.walker,Password@123
kevin.hall,Password@123
samantha.allen,Password@123
eric.young,Password@123
heather.hernandez,Password@123
adam.king,Password@123
jennifer.wright,Password@123
steven.scott,Password@123
laura.green,Password@123
james.wilson,Password@123
emily.johnson,Password@123
michael.smith,Password@123
sarah.davis,Password@123
daniel.martinez,Password@123
jessica.brown,Password@123
christopher.lee,Password@123
ashley.wilson,Password@123
matthew.taylor,Password@123
amanda.anderson,Password@123
joshua.thomas,Password@123
megan.jackson,Password@123
ryan.white,Password@123
stephanie.harris,Password@123
brandon.martin,Password@123
nicole.thompson,Password@123
tyler.garcia,Password@123
kayla.rodriguez,Password@123
jason.martinez,Password@123
brittany.lewis,Password@123
andrew.robinson,Password@123
rachel.walker,Password@123
kevin.hall,Password@123
samantha.allen,Password@123
eric.young,Password@123
heather.hernandez,Password@123
adam.king,Password@123
jennifer.wright,Password@123
steven.scott,Password@123
laura.green,Password@123
